SampleID,Value
1,0.6760811761716952
2,5.6350526034920634e-05
3,0.6747522844566821
4,0.6658108394614939
5,0.7459527243602929
6,0.7783909835792575
7,0.013070245076434173
8,0.9661789841673301
9,0.6506990674031861
10,0.31758838502007347
