SampleID,Value
1,0.8604321603319202
2,0.8863479414337737
3,0.6701365520715569
4,0.6314175491638586
5,0.9114439829307162
6,0.11538101732542339
7,0.4985551689918559
8,0.7202289471320996
9,0.42764287206974805
10,0.005366304077711104
