SampleID,Value
1,0.40423249651548665
2,0.7670789371604074
3,0.18964743334242617
4,0.7324879869826187
5,0.7028275705166414
6,0.6226176679152163
7,0.8009685107158051
8,0.6589835901226156
9,0.18032810633704133
10,0.4689484712447426
