SampleID,Value
1,0.7648346552056681
2,0.7113101104842237
3,0.6423665946510672
4,0.7258212505073764
5,0.5103498309473805
6,0.6967442271774058
7,0.32755771950404255
8,0.6559178010868589
9,0.36404794026461706
10,0.29352318805392874
