SampleID,Value
1,0.5471810307643081
2,0.9253759021957356
3,0.8975051420248898
4,0.09712620505920799
5,0.2220918731755679
6,0.74574184430666
7,0.6485981477789836
8,0.3188328263600877
9,0.8441771613304471
10,0.8033112353611503
